{
  "orders": [
    {
      "id": 12345,
      "created_at": "2024-05-23T08:56:21.618Z",
      "shipping_status": "Shipped",
      "tracking_number": "1Z9999999999999999",
      "total": 299.99,
      "payment": {
        "payment_method": "Credit Card",
        "payment_status": "Completed"
      },
      "order_items": [
        {
          "product_name": "Premium 5 Mukhi Rudraksh Mala",
          "product_image": "https://cdn.dummyjson.com/products/images/spiritual/Premium%205%20Mukhi%20Rudraksh%20Mala/1.png",
          "quantity": 1,
          "product_price": 299.99,
          "product_offer_price": 299.99
        }
      ]
    },
    {
      "id": 12346,
      "created_at": "2024-05-22T10:30:15.123Z",
      "shipping_status": "Delivered",
      "tracking_number": "1Z8888888888888888",
      "total": 499.98,
      "payment": {
        "payment_method": "PayPal",
        "payment_status": "Completed"
      },
      "order_items": [
        {
          "product_name": "Sacred 7 Mukhi Rudraksh Bracelet",
          "product_image": "https://cdn.dummyjson.com/products/images/spiritual/Sacred%207%20Mukhi%20Rudraksh%20Bracelet/1.png",
          "quantity": 2,
          "product_price": 249.99,
          "product_offer_price": 249.99
        }
      ]
    },
    {
      "id": 12347,
      "created_at": "2024-05-21T14:20:30.456Z",
      "shipping_status": "Processing",
      "tracking_number": null,
      "total": 199.99,
      "payment": {
        "payment_method": "Credit Card",
        "payment_status": "Completed"
      },
      "order_items": [
        {
          "product_name": "Divine 3 Mukhi Rudraksh Pendant",
          "product_image": "https://cdn.dummyjson.com/products/images/spiritual/Divine%203%20Mukhi%20Rudraksh%20Pendant/1.png",
          "quantity": 1,
          "product_price": 199.99,
          "product_offer_price": 199.99
        }
      ]
    },
    {
      "id": 12348,
      "created_at": "2024-05-20T09:15:45.789Z",
      "shipping_status": "Processing",
      "tracking_number": null,
      "total": 450.00,
      "payment": {
        "payment_method": "Debit Card",
        "payment_status": "Pending"
      },
      "order_items": [
        {
          "product_name": "Blessed 9 Mukhi Rudraksh Mala",
          "product_image": "https://cdn.dummyjson.com/products/images/spiritual/Blessed%209%20Mukhi%20Rudraksh%20Mala/1.png",
          "quantity": 1,
          "product_price": 450.00,
          "product_offer_price": 450.00
        }
      ]
    },
    {
      "id": 12349,
      "created_at": "2024-05-19T16:45:12.321Z",
      "shipping_status": "Shipped",
      "tracking_number": "1Z7777777777777777",
      "total": 755.50,
      "payment": {
        "payment_method": "Credit Card",
        "payment_status": "Completed"
      },
      "order_items": [
        {
          "product_name": "Sacred 11 Mukhi Rudraksh Set",
          "product_image": "https://cdn.dummyjson.com/products/images/spiritual/Sacred%2011%20Mukhi%20Rudraksh%20Set/1.png",
          "quantity": 1,
          "product_price": 755.50,
          "product_offer_price": 755.50
        }
      ]
    },
    {
      "id": 12350,
      "created_at": "2024-05-18T12:30:20.789Z",
      "shipping_status": "Delivered",
      "tracking_number": "1Z6666666666666666",
      "total": 899.99,
      "payment": {
        "payment_method": "Credit Card",
        "payment_status": "Completed"
      },
      "order_items": [
        {
          "product_name": "Premium 13 Mukhi Rudraksh Mala",
          "product_image": "https://cdn.dummyjson.com/products/images/spiritual/Premium%2013%20Mukhi%20Rudraksh%20Mala/1.png",
          "quantity": 1,
          "product_price": 899.99,
          "product_offer_price": 899.99
        }
      ]
    },
    {
      "id": 12351,
      "created_at": "2024-05-17T15:45:30.123Z",
      "shipping_status": "Processing",
      "tracking_number": null,
      "total": 355.50,
      "payment": {
        "payment_method": "Credit Card",
        "payment_status": "Completed"
      },
      "order_items": [
        {
          "product_name": "Divine 6 Mukhi Rudraksh Bracelet",
          "product_image": "https://cdn.dummyjson.com/products/images/spiritual/Divine%206%20Mukhi%20Rudraksh%20Bracelet/1.png",
          "quantity": 1,
          "product_price": 355.50,
          "product_offer_price": 355.50
        }
      ]
    },
    {
      "id": 12352,
      "created_at": "2024-05-16T11:20:15.456Z",
      "shipping_status": "Shipped",
      "tracking_number": "1Z5555555555555555",
      "total": 1250.00,
      "payment": {
        "payment_method": "PayPal",
        "payment_status": "Completed"
      },
      "order_items": [
        {
          "product_name": "Sacred 15 Mukhi Rudraksh Mala",
          "product_image": "https://cdn.dummyjson.com/products/images/spiritual/Sacred%2015%20Mukhi%20Rudraksh%20Mala/1.png",
          "quantity": 1,
          "product_price": 1250.00,
          "product_offer_price": 1250.00
        }
      ]
    },
    {
      "id": 12353,
      "created_at": "2024-05-15T09:10:25.789Z",
      "shipping_status": "Processing",
      "tracking_number": null,
      "total": 557.75,
      "payment": {
        "payment_method": "Debit Card",
        "payment_status": "Pending"
      },
      "order_items": [
        {
          "product_name": "Blessed 4 Mukhi Rudraksh Pendant",
          "product_image": "https://cdn.dummyjson.com/products/images/spiritual/Blessed%204%20Mukhi%20Rudraksh%20Pendant/1.png",
          "quantity": 1,
          "product_price": 557.75,
          "product_offer_price": 557.75
        }
      ]
    },
    {
      "id": 12354,
      "created_at": "2024-05-14T14:35:40.321Z",
      "shipping_status": "Delivered",
      "tracking_number": "1Z4444444444444444",
      "total": 429.99,
      "payment": {
        "payment_method": "Credit Card",
        "payment_status": "Completed"
      },
      "order_items": [
        {
          "product_name": "Divine 8 Mukhi Rudraksh Set",
          "product_image": "https://cdn.dummyjson.com/products/images/spiritual/Divine%208%20Mukhi%20Rudraksh%20Set/1.png",
          "quantity": 2,
          "product_price": 215.00,
          "product_offer_price": 215.00
        }
      ]
    }
  ]
}